小村美優,09067350224,106-0031,東京都港区西麻布3-20-6
塩沢颯楽,08094562519,103-0004,東京都中央区東日本橋4-3-2
宮本龍也,08067105759,162-0855,東京都新宿区二十騎町4-15-20
深沢詠美,09098663702,135-0053,東京都江東区辰巳4-3-9
竹内棟上,09053097678,192-0004,東京都八王子市加住町2-2-12
岩佐達郎,08019748510,106-0045,東京都港区麻布十番3-12-14麻布十番ステージ118
本田良明,09032649154,132-0032,東京都江戸川区西小松川町4-12-7
高山基良,09092285718,207-0002,東京都東大和市湖畔1-18-5湖畔スカイ406
及川琴音美,09023238603,173-0013,東京都板橋区氷川町4-12-14
相原淳斗,09094100687,182-0024,東京都調布市布田3-2-11
尾崎心優,09022705349,185-0011,東京都国分寺市本多3-4
塚原春菜,09065512091,206-0035,東京都多摩市唐木田3-5-5
山岸舞子,08070161378,162-0855,東京都新宿区二十騎町2-1-13
遠山葉菜,09076461104,130-0021,東京都墨田区緑1-7-10緑レジデンス402
小玉謙三,09056287771,153-0063,東京都目黒区目黒2-1目黒シーサイド216
山脇美紅,08014093944,101-0044,東京都千代田区鍛冶町4-10-5
津田芽依,09097754089,100-0006,東京都千代田区有楽町2-8-9有楽町アパート215
萩原静江,09053685263,133-0071,東京都江戸川区東松本2-20-14
有賀紗矢,08067106752,101-0029,東京都千代田区神田相生町4-17-12
川崎和泉,08028424612,100-1212,東京都三宅島三宅村阿古1-13-14
島本輝夫,09063318745,103-0004,東京都中央区東日本橋2-12ハイツ東日本橋209
寺田豊作,08055139448,162-0855,東京都新宿区二十騎町4-7キャッスル二十騎町319
加納七美,09037443106,206-0004,東京都多摩市百草1-14-8百草の杜201
北梅吉,09022631866,193-0841,東京都八王子市裏高尾町3-11-20コンフォート裏高尾町108
村松清子,09038382562,162-0855,東京都新宿区二十騎町2-4-9
川島由太郎,08091862435,204-0012,東京都清瀬市中清戸4-15-4
田畑理人,09069753861,152-0034,東京都目黒区緑が丘3-10-11緑が丘テラス110
黒沢利明,08097650635,177-0051,東京都練馬区関町北1-16-19関町北ヒル300
田島泰子,09075169825,174-0053,東京都板橋区清水町4-13
岸夏向,08011033079,124-0011,東京都葛飾区四つ木3-20-12四つ木ステーション407
河内美咲,09055591173,162-0855,東京都新宿区二十騎町4-4-5
小寺雅典,09075115215,162-0831,東京都新宿区横寺町1-15-14横寺町プレイス215
久保田直央,08030722898,162-0855,東京都新宿区二十騎町2-15-7
松本心優,09092647314,100-0006,東京都千代田区有楽町4-19
三原真海,08053657479,101-0033,東京都千代田区神田岩本町4-3-10
溝口美奈,08059719019,103-0004,東京都中央区東日本橋1-20-11
那須玲子,08051099540,162-0855,東京都新宿区二十騎町4-4-4
菅沼与,08021081764,162-0855,東京都新宿区二十騎町1-1キャッスル二十騎町109
結城優希,09086856335,121-0062,東京都足立区南花畑4-15-11
川野美紀子,08070924563,162-0855,東京都新宿区二十騎町2-5-2二十騎町ダイヤモンド410
大村基一,08051456791,120-0031,東京都足立区千住大川町1-9-19
三枝公平,09089968416,103-0025,東京都中央区日本橋茅場町2-12-10
大竹早紀,09054610399,106-0045,東京都港区麻布十番3-11-8
久保田陽治,08092307021,121-0062,東京都足立区南花畑2-15-15
宇佐美欧子,09093744388,162-0855,東京都新宿区二十騎町2-9-3二十騎町フォレスト318
奥章,08073353921,162-0855,東京都新宿区二十騎町4-13-9二十騎町マンション316
今田喜代子,09053772559,101-0065,東京都千代田区西神田1-20-8
西口莉桜,09090052951,185-0001,東京都国分寺市北町1-10-16
若林芳明,08091806149,108-0073,東京都港区三田2-3-13
乾金吾,09071321452,106-0044,東京都港区東麻布3-11東麻布シーサイド417
前島広志,08099335007,204-0013,東京都清瀬市上清戸1-14-12
西島仁一,08097232637,113-0031,東京都文京区根津3-10-10
長尾萌咲子,08073170389,100-0011,東京都千代田区内幸町3-13
椎名由希子,09048252149,100-0006,東京都千代田区有楽町4-1-13有楽町パレス301
谷本啓三,08038071971,153-0042,東京都目黒区青葉台3-12-1青葉台コーポ305
水田栄子,08019045487,181-0001,東京都三鷹市井の頭2-11井の頭スカイ414
千田璃音,09078854563,145-0063,東京都大田区南千束4-4-20タワー南千束315
長坂順子,08088319395,100-0006,東京都千代田区有楽町4-3
高井華乃,09052887385,124-0013,東京都葛飾区東立石2-7-19
市原颯明,09040602266,112-0013,東京都文京区音羽1-2-6
杉本啓文,09052031241,160-0005,東京都新宿区愛住町4-18愛住町シーサイド400
根岸葵日夏,09013167145,106-0045,東京都港区麻布十番3-5-11シティ麻布十番308
細田敬子,09023333214,103-0004,東京都中央区東日本橋4-4-20
櫻井愛菜,08050278486,182-0036,東京都調布市飛田給3-14-17
前田沙也香,09013564149,160-0005,東京都新宿区愛住町3-5
森下紀幸,09095318805,190-0002,東京都立川市幸町2-8-14パーク幸町318
高梨卓雄,09098794956,162-0855,東京都新宿区二十騎町4-8-18
尾崎詩乃,08054028057,179-0076,東京都練馬区土支田4-6
片野乃亜,08065568606,103-0011,東京都中央区日本橋大伝馬町3-16-3日本橋大伝馬町ランド408
黒澤陽一郎,08023806962,162-0855,東京都新宿区二十騎町3-4-1リバーサイド二十騎町119
小久保百合子,09021995607,162-0855,東京都新宿区二十騎町2-13リバーサイド二十騎町200
河野啓之,08098935114,160-0005,東京都新宿区愛住町2-8-18
加納舞,08049460983,152-0035,東京都目黒区自由が丘4-8-8
棚橋咲姫,08049172598,160-0005,東京都新宿区愛住町2-20-10
柳瀬彩芽,09073949335,154-0017,東京都世田谷区世田谷2-11-7世田谷グリーン405
柳原心音,09056084769,160-0005,東京都新宿区愛住町2-19-10
恩田碧衣,09030865012,162-0855,東京都新宿区二十騎町2-10-11メゾン二十騎町303
玉城大航,09058984812,169-0072,東京都新宿区大久保2-19-20
中岡完治,09053709707,169-0074,東京都新宿区北新宿4-5-1北新宿プレシャス403
江成純,09049380543,103-0004,東京都中央区東日本橋1-19-11ヴィレッジ東日本橋115
塩見絢,08040678845,103-0011,東京都中央区日本橋大伝馬町4-7日本橋大伝馬町ランド418
岩永絢子,08041438874,197-0024,東京都福生市牛浜2-18-20牛浜ハウス200
滝飛鳥,09088440114,136-0074,東京都江東区東砂4-20-19
今田治彦,08033780988,123-0873,東京都足立区扇1-8-7
井沢桃香,08058065334,160-0005,東京都新宿区愛住町1-15
坂下隆男,08024895324,108-0073,東京都港区三田2-4-7
中岡貞夫,09028188802,171-0022,東京都豊島区南池袋3-13
金子愛紅子,09074476620,162-0855,東京都新宿区二十騎町4-17-12二十騎町ランド219
上原数子,08027711452,132-0001,東京都江戸川区新堀2-17-14新堀シティ118
本多幸子,08089304788,136-0082,東京都江東区新木場2-13-3
荻野沙紀,09057645457,150-0021,東京都渋谷区恵比寿西2-12-18
今西光一,08062308110,121-0837,東京都足立区舎人公園3-20
森山徳治,08099758605,177-0032,東京都練馬区谷原1-15-10
河上健二,09047687098,150-0021,東京都渋谷区恵比寿西2-14-15
石倉美貴子,08083635906,100-0006,東京都千代田区有楽町4-19
豊田健生,08022605016,162-0855,東京都新宿区二十騎町1-15-10
久保凛,08069381166,100-0006,東京都千代田区有楽町4-11-15
岸千枝子,09069923077,107-0062,東京都港区南青山4-11-14
