M4400860964332310,小村美優,09067350224,106-0031,東京都港区西麻布3-20-6,0311039347037119
M9159749473516644,塩沢颯楽,08094562519,103-0004,東京都中央区東日本橋4-3-2,7445362340092079
M6228272594003321,宮本龍也,08067105759,162-0855,東京都新宿区二十騎町4-15-20,1038063447865968
M6439860497461111,深沢詠美,09098663702,135-0053,東京都江東区辰巳4-3-9,3340968788976061
M0043036203350933,竹内棟上,09053097678,192-0004,東京都八王子市加住町2-2-12,1093085779586950
M5939968742150262,岩佐達郎,08019748510,106-0045,東京都港区麻布十番3-12-14麻布十番ステージ118,3387478613204733
M1981917978916037,本田良明,09032649154,132-0032,東京都江戸川区西小松川町4-12-7,2948252672842736
M5782613179531962,高山基良,09092285718,207-0002,東京都東大和市湖畔1-18-5湖畔スカイ406,9711061112448046
M3100316506692276,及川琴音美,09023238603,173-0013,東京都板橋区氷川町4-12-14,9378293949078939
M5383376028853014,相原淳斗,09094100687,182-0024,東京都調布市布田3-2-11,7294872379325356
M5524847802574081,尾崎心優,09022705349,185-0011,東京都国分寺市本多3-4,4502861343385840
M3735522060612831,塚原春菜,09065512091,206-0035,東京都多摩市唐木田3-5-5,9205613867193154
M6991501146827906,山岸舞子,08070161378,162-0855,東京都新宿区二十騎町2-1-13,0126292898917271
M8450998406609841,遠山葉菜,09076461104,130-0021,東京都墨田区緑1-7-10緑レジデンス402,9741285398560859
M1837026021070863,小玉謙三,09056287771,153-0063,東京都目黒区目黒2-1目黒シーサイド216,9620169110449152
M7430233742301789,山脇美紅,08014093944,101-0044,東京都千代田区鍛冶町4-10-5,7568742697367498
M4645952510156222,津田芽依,09097754089,100-0006,東京都千代田区有楽町2-8-9有楽町アパート215,4250163081257293
M6691192990110146,萩原静江,09053685263,133-0071,東京都江戸川区東松本2-20-14,4852156256968451
M6528764768399159,有賀紗矢,08067106752,101-0029,東京都千代田区神田相生町4-17-12,9065041318042830
M6946100159144972,川崎和泉,08028424612,100-1212,東京都三宅島三宅村阿古1-13-14,6768561597778675
M4156018433615288,島本輝夫,09063318745,103-0004,東京都中央区東日本橋2-12ハイツ東日本橋209,7988388685816504
M5980822666877486,寺田豊作,08055139448,162-0855,東京都新宿区二十騎町4-7キャッスル二十騎町319,8567008106205220
M0826029812379894,加納七美,09037443106,206-0004,東京都多摩市百草1-14-8百草の杜201,3340377543418725
M0514976918844333,北梅吉,09022631866,193-0841,東京都八王子市裏高尾町3-11-20コンフォート裏高尾町108,5968600999006945
M1642087007258808,村松清子,09038382562,162-0855,東京都新宿区二十騎町2-4-9,8464292020082092
M6826841501887810,川島由太郎,08091862435,204-0012,東京都清瀬市中清戸4-15-4,6712435109510697
M2455814217437686,田畑理人,09069753861,152-0034,東京都目黒区緑が丘3-10-11緑が丘テラス110,2395332405427678
M1525342523725107,黒沢利明,08097650635,177-0051,東京都練馬区関町北1-16-19関町北ヒル300,9249949113473010
M9401689572920389,田島泰子,09075169825,174-0053,東京都板橋区清水町4-13,3987692478706371
M5958992545564083,岸夏向,08011033079,124-0011,東京都葛飾区四つ木3-20-12四つ木ステーション407,7309192563036981
M2785702558166011,河内美咲,09055591173,162-0855,東京都新宿区二十騎町4-4-5,7974534676413836
M4957702483502152,小寺雅典,09075115215,162-0831,東京都新宿区横寺町1-15-14横寺町プレイス215,7125961604785519
M6914664961212078,久保田直央,08030722898,162-0855,東京都新宿区二十騎町2-15-7,6835170754253717
M5342435620242023,松本心優,09092647314,100-0006,東京都千代田区有楽町4-19,2444766123298692
M0851225857326843,三原真海,08053657479,101-0033,東京都千代田区神田岩本町4-3-10,1620480093550483
M5628732464656951,溝口美奈,08059719019,103-0004,東京都中央区東日本橋1-20-11,8139115022898350
M6131631379421215,那須玲子,08051099540,162-0855,東京都新宿区二十騎町4-4-4,2279369296553740
M5817770820243514,菅沼与,08021081764,162-0855,東京都新宿区二十騎町1-1キャッスル二十騎町109,9716111439421710
M5432647983047799,結城優希,09086856335,121-0062,東京都足立区南花畑4-15-11,8684908135079573
M3037251062431668,川野美紀子,08070924563,162-0855,東京都新宿区二十騎町2-5-2二十騎町ダイヤモンド410,5018718793765961
M2322090966717194,大村基一,08051456791,120-0031,東京都足立区千住大川町1-9-19,3802807455883643
M7445163706159458,三枝公平,09089968416,103-0025,東京都中央区日本橋茅場町2-12-10,3457436027496973
M0714965327808581,大竹早紀,09054610399,106-0045,東京都港区麻布十番3-11-8,2357322314039118
M2120667089081451,久保田陽治,08092307021,121-0062,東京都足立区南花畑2-15-15,5568795006796869
M4568983376934970,宇佐美欧子,09093744388,162-0855,東京都新宿区二十騎町2-9-3二十騎町フォレスト318,9551071025554985
M3764404782998205,奥章,08073353921,162-0855,東京都新宿区二十騎町4-13-9二十騎町マンション316,0897376174900477
M9717017308442137,今田喜代子,09053772559,101-0065,東京都千代田区西神田1-20-8,2469962478634355
M1369199066252452,西口莉桜,09090052951,185-0001,東京都国分寺市北町1-10-16,4785872130276702
M5268818685297836,若林芳明,08091806149,108-0073,東京都港区三田2-3-13,6910729130034520
M9930629525646188,乾金吾,09071321452,106-0044,東京都港区東麻布3-11東麻布シーサイド417,4891741109171864
M1180997975551701,前島広志,08099335007,204-0013,東京都清瀬市上清戸1-14-12,1993824804951042
M8328439552959735,西島仁一,08097232637,113-0031,東京都文京区根津3-10-10,7125062894677463
M8880181047927641,長尾萌咲子,08073170389,100-0011,東京都千代田区内幸町3-13,6635702544978535
M6465895127921518,椎名由希子,09048252149,100-0006,東京都千代田区有楽町4-1-13有楽町パレス301,7227352576903849
M0075290594937843,谷本啓三,08038071971,153-0042,東京都目黒区青葉台3-12-1青葉台コーポ305,9224079771269144
M4777048940070841,水田栄子,08019045487,181-0001,東京都三鷹市井の頭2-11井の頭スカイ414,6751733253782112
M8149505322780065,千田璃音,09078854563,145-0063,東京都大田区南千束4-4-20タワー南千束315,6640476895349380
M1411197063930241,長坂順子,08088319395,100-0006,東京都千代田区有楽町4-3,3846246591760365
M9515482485288613,高井華乃,09052887385,124-0013,東京都葛飾区東立石2-7-19,1944667279376413
M9381581091106318,市原颯明,09040602266,112-0013,東京都文京区音羽1-2-6,9421773842477092
M7370167089130370,杉本啓文,09052031241,160-0005,東京都新宿区愛住町4-18愛住町シーサイド400,6428884189901925
M3493785522067783,根岸葵日夏,09013167145,106-0045,東京都港区麻布十番3-5-11シティ麻布十番308,5643387009288408
M7437876502906606,細田敬子,09023333214,103-0004,東京都中央区東日本橋4-4-20,5151058124848973
M1692674481452789,櫻井愛菜,08050278486,182-0036,東京都調布市飛田給3-14-17,2688312973847500
M3254378465709968,前田沙也香,09013564149,160-0005,東京都新宿区愛住町3-5,4140312117869139
M3489191249112446,森下紀幸,09095318805,190-0002,東京都立川市幸町2-8-14パーク幸町318,7044842734681613
M0843459659404481,高梨卓雄,09098794956,162-0855,東京都新宿区二十騎町4-8-18,1466657247833329
M9041816061335343,尾崎詩乃,08054028057,179-0076,東京都練馬区土支田4-6,2851456402668122
M9989143822773005,片野乃亜,08065568606,103-0011,東京都中央区日本橋大伝馬町3-16-3日本橋大伝馬町ランド408,9689099093236194
M8144139671491198,黒澤陽一郎,08023806962,162-0855,東京都新宿区二十騎町3-4-1リバーサイド二十騎町119,2601932059015277
M7061927164902103,小久保百合子,09021995607,162-0855,東京都新宿区二十騎町2-13リバーサイド二十騎町200,3243464899898338
M1742213958426250,河野啓之,08098935114,160-0005,東京都新宿区愛住町2-8-18,5706714585774821
M6638017527164450,加納舞,08049460983,152-0035,東京都目黒区自由が丘4-8-8,4373580132495080
M4278949801966343,棚橋咲姫,08049172598,160-0005,東京都新宿区愛住町2-20-10,4396701584139322
M9366523864385044,柳瀬彩芽,09073949335,154-0017,東京都世田谷区世田谷2-11-7世田谷グリーン405,9100241553855151
M6778306111215275,柳原心音,09056084769,160-0005,東京都新宿区愛住町2-19-10,0695330142850755
M1924759056945548,恩田碧衣,09030865012,162-0855,東京都新宿区二十騎町2-10-11メゾン二十騎町303,0701376870069643
M4439008801559783,玉城大航,09058984812,169-0072,東京都新宿区大久保2-19-20,7250760081887109
M0959979499165585,中岡完治,09053709707,169-0074,東京都新宿区北新宿4-5-1北新宿プレシャス403,0171328980620401
M1433940504496971,江成純,09049380543,103-0004,東京都中央区東日本橋1-19-11ヴィレッジ東日本橋115,1275742975922534
M2662121413642089,塩見絢,08040678845,103-0011,東京都中央区日本橋大伝馬町4-7日本橋大伝馬町ランド418,1081586111475790
M2258555050055487,岩永絢子,08041438874,197-0024,東京都福生市牛浜2-18-20牛浜ハウス200,2382295442481780
M1829498371518666,滝飛鳥,09088440114,136-0074,東京都江東区東砂4-20-19,8790516996156209
M6971647925012343,今田治彦,08033780988,123-0873,東京都足立区扇1-8-7,1365472449177201
M6363338569666435,井沢桃香,08058065334,160-0005,東京都新宿区愛住町1-15,1606573972793010
M2998083860683956,坂下隆男,08024895324,108-0073,東京都港区三田2-4-7,1794952614128342
M3674708608484289,中岡貞夫,09028188802,171-0022,東京都豊島区南池袋3-13,6849234237878962
M6737226886016355,金子愛紅子,09074476620,162-0855,東京都新宿区二十騎町4-17-12二十騎町ランド219,4670407697173868
M2200771142129264,上原数子,08027711452,132-0001,東京都江戸川区新堀2-17-14新堀シティ118,2611531007700315
M1625021197653150,本多幸子,08089304788,136-0082,東京都江東区新木場2-13-3,9338727175888383
M3522554363118339,荻野沙紀,09057645457,150-0021,東京都渋谷区恵比寿西2-12-18,7991026746409172
M7164647937961898,今西光一,08062308110,121-0837,東京都足立区舎人公園3-20,6685819183370938
M5167605488367166,森山徳治,08099758605,177-0032,東京都練馬区谷原1-15-10,2782580525766690
M1331843257022261,河上健二,09047687098,150-0021,東京都渋谷区恵比寿西2-14-15,0902249001976961
M1729158841742835,石倉美貴子,08083635906,100-0006,東京都千代田区有楽町4-19,0695702246168479
M4316471149704861,豊田健生,08022605016,162-0855,東京都新宿区二十騎町1-15-10,7669038290124345
M9504559070091234,久保凛,08069381166,100-0006,東京都千代田区有楽町4-11-15,8575035434399492
M2756585947940783,岸千枝子,09069923077,107-0062,東京都港区南青山4-11-14,0913338719862226
